Workbook

Sheet Executive Summary
A1: Item | B1: Value
A2: Project Title | B2: Comparative Analysis of ML Algorithms for Sentiment Classification
A3: Student Name | B3: Sukh-Ochir Dulguun
A4: Date | B4: =TODAY() -> 45951
A5: Dataset | B5: IMDB Movie Reviews
A6: Total Samples | B6: 25000
A7: Training Samples | B7: 20000
A8: Testing Samples | B8: 5000
A9: Algorithms Tested | B9: =COUNTA('Raw Data'!A2:A100) -> 12
A10: Best Algorithm | B10: =INDEX('Raw Data'!A:A,MATCH(MAX('Raw Data'!B:B),'Raw Data'!B:B,0)) -> Logistic Regression
A11: Best Accuracy (%) | B11: =MAX('Raw Data'!B:B) -> 88.3
A12: Status | B12: Experimental Phase Complete

Sheet Raw Data
A1: Algorithm | B1: Accuracy | C1: Precision | D1: Recall | E1: F1-Score | F1: Training Time (s) | G1: Prediction Time (s) | J1: Metric | K1: Rank | L1: Algorithm | M1: Score
A2: Logistic Regression | B2: 88.3 | C2: 88.307508 | D2: 88.3 | E2: 88.299427 | F2: 0.1199286 | G2: 0.00059652328 | J2: Accuracy | K2: 1 | L2: Logistic Regression | M2: 88.30%
A3: Naive Bayes | B3: 84.98 | C3: 84.981259 | D3: 84.98 | E3: 84.979865 | F3: 0.004967213 | G3: 0.0030486584 | J3: Accuracy | K3: 2 | L3: Support Vector Machine | M3: 87.30%
A4: Support Vector Machine | B4: 87.3 | C4: 87.300006 | D4: 87.3 | E4: 87.299999 | F4: 0.17922854 | G4: 0.00066280365 | J4: Accuracy | K4: 3 | L4: Naive Bayes | M4: 84.98%
A5: Random Forest | B5: 84.16 | C5: 84.162646 | D5: 84.16 | E5: 84.159693 | F5: 2.763957 | G5: 0.041310549 | J5: Accuracy | K5: 4 | L5: Random Forest | M5: 84.16%
A6: Decision Tree | B6: 70.42 | C6: 70.428502 | D6: 70.42 | E6: 70.416922 | F6: 14.338586 | G6: 0.0031878948 | J6: Accuracy | K6: 5 | L6: Decision Tree | M6: 70.42%
J7: Precision | K7: 1 | L7: Logistic Regression | M7: 88.31%
A8: Metric | B8: Mean | C8: Std Dev | D8: Min | E8: Max | F8: Range | J8: Precision | K8: 2 | L8: Support Vector Machine | M8: 87.30%
A9: Accuracy (%) | B9: =AVERAGE('Raw Data'!B2:B6) -> 83.032 | C9: =STDEV('Raw Data'!B2:B6) -> 7.2473664 | D9: =MIN('Raw Data'!B2:B6) -> 70.42 | E9: =MAX('Raw Data'!B2:B6) -> 88.3 | F9: =E9-D9 -> 17.88 | J9: Precision | K9: 3 | L9: Naive Bayes | M9: 84.98%
A10: Precision (%) | B10: =AVERAGE('Raw Data'!C2:C6) -> 83.035984 | C10: =STDEV('Raw Data'!C2:C6) -> 7.2452213 | D10: =MIN('Raw Data'!C2:C6) -> 70.428502 | E10: =MAX('Raw Data'!C2:C6) -> 88.307508 | F10: =E10-D10 -> 17.879007 | J10: Precision | K10: 4 | L10: Random Forest | M10: 84.16%
A11: Recall (%) | B11: =AVERAGE('Raw Data'!D2:D6) -> 83.032 | C11: =STDEV('Raw Data'!D2:D6) -> 7.2473664 | D11: =MIN('Raw Data'!D2:D6) -> 70.42 | E11: =MAX('Raw Data'!D2:D6) -> 88.3 | F11: =E11-D11 -> 17.88 | J11: Precision | K11: 5 | L11: Decision Tree | M11: 70.43%
A12: F1-Score (%) | B12: =AVERAGE('Raw Data'!E2:E6) -> 83.031181 | C12: =STDEV('Raw Data'!E2:E6) -> 7.2485802 | D12: =MIN('Raw Data'!E2:E6) -> 70.416922 | E12: =MAX('Raw Data'!E2:E6) -> 88.299427 | F12: =E12-D12 -> 17.882504 | J12: Recall | K12: 1 | L12: Logistic Regression | M12: 88.30%
A13: Training Time (s) | B13: =AVERAGE('Raw Data'!F2:F6) -> 3.4813335 | C13: =STDEV('Raw Data'!F2:F6) -> 6.1782407 | D13: =MIN('Raw Data'!F2:F6) -> 0.004967213 | E13: =MAX('Raw Data'!F2:F6) -> 14.338586 | F13: =E13-D13 -> 14.333619 | J13: Recall | K13: 2 | L13: Support Vector Machine | M13: 87.30%
A14: Prediction Time (s) | B14: =AVERAGE('Raw Data'!G2:G6) -> 0.0097612858 | C14: =AVERAGE('Raw Data'!G2:G6) -> 0.0097612858 | D14: =AVERAGE('Raw Data'!G2:G6) -> 0.0097612858 | E14: =AVERAGE('Raw Data'!G2:G6) -> 0.0097612858 | F14: =AVERAGE('Raw Data'!G2:G6) -> 0.0097612858 | J14: Recall | K14: 3 | L14: Naive Bayes | M14: 84.98%
J15: Recall | K15: 4 | L15: Random Forest | M15: 84.16%
J16: Recall | K16: 5 | L16: Decision Tree | M16: 70.42%
J17: F1-Score | K17: 1 | L17: Logistic Regression | M17: 88.30%
J18: F1-Score | K18: 2 | L18: Support Vector Machine | M18: 87.30%
J19: F1-Score | K19: 3 | L19: Naive Bayes | M19: 84.98%
J20: F1-Score | K20: 4 | L20: Random Forest | M20: 84.16%
J21: F1-Score | K21: 5 | L21: Decision Tree | M21: 70.42%

Sheet Key Findings
A1: Category | B1: Algorithm | C1: Value
A2: Best Accuracy | B2: =INDEX('Raw Data'!A:A,MATCH(MAX('Raw Data'!B:B),'Raw Data'!B:B,0)) -> Logistic Regression | C2: =MAX('Raw Data'!B:B)&"%" -> 88.3%
A3: Best Precision | B3: =INDEX('Raw Data'!A:A,MATCH(MAX('Raw Data'!C:C),'Raw Data'!C:C,0)) -> Logistic Regression | C3: =MAX('Raw Data'!C:C)&"%" -> 88.30750827%
A4: Best Recall | B4: =INDEX('Raw Data'!A:A,MATCH(MAX('Raw Data'!D:D),'Raw Data'!D:D,0)) -> Logistic Regression | C4: =MAX('Raw Data'!D:D)&"%" -> 88.3%
A5: Best F1-Score | B5: =INDEX('Raw Data'!A:A,MATCH(MAX('Raw Data'!E:E),'Raw Data'!E:E,0)) -> Precision (%) | C5: =MAX('Raw Data'!E:E)&"%" -> 88.30750827%
A6: Fastest Training | B6: =INDEX('Raw Data'!A:A,MATCH(MIN('Raw Data'!F:F),'Raw Data'!F:F,0)) -> Naive Bayes | C6: =MIN('Raw Data'!F:F)&" sec" -> 0.004967213 sec
A7: Fastest Prediction | B7: =INDEX('Raw Data'!A:A,MATCH(MIN('Raw Data'!G:G),'Raw Data'!G:G,0)) -> Logistic Regression | C7: =MIN('Raw Data'!G:G)&" sec" -> 0.0005965232849121 sec
A8: Average Accuracy | B8: All Algorithms | C8: =AVERAGE('Raw Data'!B:B)&"%" -> 68.2529327506893%
