Workbook

Sheet Executive Summary
A1: Item | B1: Value
A2: Project Title | B2: Comparative Analysis of ML Algorithms for Sentiment Classification
A3: Student Name | B3: [Your Name Here]
A4: Date | B4: =TODAY()
A5: Dataset | B5: IMDB Movie Reviews
A6: Total Samples | B6: 25000
A7: Training Samples | B7: 20000
A8: Testing Samples | B8: 5000
A9: Algorithms Tested | B9: =COUNTA('Raw Data'!A2:A100)
A10: Best Algorithm | B10: =INDEX('Raw Data'!A:A,MATCH(MAX('Raw Data'!B:B),'Raw Data'!B:B,0))
A11: Best Accuracy (%) | B11: =MAX('Raw Data'!B:B)
A12: Status | B12: Experimental Phase Complete

Sheet Raw Data
A1: Algorithm | B1: Accuracy | C1: Precision | D1: Recall | E1: F1-Score | F1: Training Time (s) | G1: Prediction Time (s)
A2: Logistic Regression | B2: 88.3 | C2: 88.307508 | D2: 88.3 | E2: 88.299427 | F2: 0.13634396 | G2: 0.00089859962
A3: Naive Bayes | B3: 84.98 | C3: 84.981259 | D3: 84.98 | E3: 84.979865 | F3: 0.0069565773 | G3: 0.0016298294
A4: Support Vector Machine | B4: 87.3 | C4: 87.300006 | D4: 87.3 | E4: 87.299999 | F4: 0.1718204 | G4: 0.00065255165
A5: Random Forest | B5: 84.16 | C5: 84.162646 | D5: 84.16 | E5: 84.159693 | F5: 3.4717171 | G5: 0.040134192
A6: Decision Tree | B6: 70.42 | C6: 70.428502 | D6: 70.42 | E6: 70.416922 | F6: 14.679426 | G6: 0.0032205582

Sheet Statistics
A1: Metric | B1: Mean | C1: Std Dev | D1: Min | E1: Max | F1: Range
A2: Accuracy (%) | B2: =AVERAGE('Raw Data'!B2:B6) | C2: =STDEV('Raw Data'!B2:B6) | D2: =MIN('Raw Data'!B2:B6) | E2: =MAX('Raw Data'!B2:B6) | F2: =E2-D2
A3: Precision (%) | B3: =AVERAGE('Raw Data'!C2:C6) | C3: =STDEV('Raw Data'!C2:C6) | D3: =MIN('Raw Data'!C2:C6) | E3: =MAX('Raw Data'!C2:C6) | F3: =E3-D3
A4: Recall (%) | B4: =AVERAGE('Raw Data'!D2:D6) | C4: =STDEV('Raw Data'!D2:D6) | D4: =MIN('Raw Data'!D2:D6) | E4: =MAX('Raw Data'!D2:D6) | F4: =E4-D4
A5: F1-Score (%) | B5: =AVERAGE('Raw Data'!E2:E6) | C5: =STDEV('Raw Data'!E2:E6) | D5: =MIN('Raw Data'!E2:E6) | E5: =MAX('Raw Data'!E2:E6) | F5: =E5-D5
A6: Training Time (s) | B6: =AVERAGE('Raw Data'!F2:F6) | C6: =STDEV('Raw Data'!F2:F6) | D6: =MIN('Raw Data'!F2:F6) | E6: =MAX('Raw Data'!F2:F6) | F6: =E6-D6
A7: Prediction Time (s) | B7: =AVERAGE('Raw Data'!G2:G6) | C7: =STDEV('Raw Data'!G2:G6) | D7: =MIN('Raw Data'!G2:G6) | E7: =MAX('Raw Data'!G2:G6) | F7: =E7-D7

Sheet Rankings
A1: Rank | B1: Algorithm | C1: Accuracy (%) | D1: Precision (%) | E1: Recall (%) | F1: F1-Score (%)
A2: 1 | B2: =IFERROR(INDEX('Raw Data'!A:A,MATCH(LARGE('Raw Data'!B:B,1),'Raw Data'!B:B,0)),"") | C2: =IFERROR(LARGE('Raw Data'!B:B,1),"") | D2: =IFERROR(INDEX('Raw Data'!C:C,MATCH(C2,'Raw Data'!B:B,0)),"") | E2: =IFERROR(INDEX('Raw Data'!D:D,MATCH(C2,'Raw Data'!B:B,0)),"") | F2: =IFERROR(INDEX('Raw Data'!E:E,MATCH(C2,'Raw Data'!B:B,0)),"")
A3: 2 | B3: =IFERROR(INDEX('Raw Data'!A:A,MATCH(LARGE('Raw Data'!B:B,2),'Raw Data'!B:B,0)),"") | C3: =IFERROR(LARGE('Raw Data'!B:B,2),"") | D3: =IFERROR(INDEX('Raw Data'!C:C,MATCH(C3,'Raw Data'!B:B,0)),"") | E3: =IFERROR(INDEX('Raw Data'!D:D,MATCH(C3,'Raw Data'!B:B,0)),"") | F3: =IFERROR(INDEX('Raw Data'!E:E,MATCH(C3,'Raw Data'!B:B,0)),"")
A4: 3 | B4: =IFERROR(INDEX('Raw Data'!A:A,MATCH(LARGE('Raw Data'!B:B,3),'Raw Data'!B:B,0)),"") | C4: =IFERROR(LARGE('Raw Data'!B:B,3),"") | D4: =IFERROR(INDEX('Raw Data'!C:C,MATCH(C4,'Raw Data'!B:B,0)),"") | E4: =IFERROR(INDEX('Raw Data'!D:D,MATCH(C4,'Raw Data'!B:B,0)),"") | F4: =IFERROR(INDEX('Raw Data'!E:E,MATCH(C4,'Raw Data'!B:B,0)),"")
A5: 4 | B5: =IFERROR(INDEX('Raw Data'!A:A,MATCH(LARGE('Raw Data'!B:B,4),'Raw Data'!B:B,0)),"") | C5: =IFERROR(LARGE('Raw Data'!B:B,4),"") | D5: =IFERROR(INDEX('Raw Data'!C:C,MATCH(C5,'Raw Data'!B:B,0)),"") | E5: =IFERROR(INDEX('Raw Data'!D:D,MATCH(C5,'Raw Data'!B:B,0)),"") | F5: =IFERROR(INDEX('Raw Data'!E:E,MATCH(C5,'Raw Data'!B:B,0)),"")
A6: 5 | B6: =IFERROR(INDEX('Raw Data'!A:A,MATCH(LARGE('Raw Data'!B:B,5),'Raw Data'!B:B,0)),"") | C6: =IFERROR(LARGE('Raw Data'!B:B,5),"") | D6: =IFERROR(INDEX('Raw Data'!C:C,MATCH(C6,'Raw Data'!B:B,0)),"") | E6: =IFERROR(INDEX('Raw Data'!D:D,MATCH(C6,'Raw Data'!B:B,0)),"") | F6: =IFERROR(INDEX('Raw Data'!E:E,MATCH(C6,'Raw Data'!B:B,0)),"")

Sheet Key Findings
A1: Category | B1: Algorithm | C1: Value
A2: Best Accuracy | B2: =INDEX('Raw Data'!A:A,MATCH(MAX('Raw Data'!B:B),'Raw Data'!B:B,0)) | C2: =MAX('Raw Data'!B:B)&"%"
A3: Best Precision | B3: =INDEX('Raw Data'!A:A,MATCH(MAX('Raw Data'!C:C),'Raw Data'!C:C,0)) | C3: =MAX('Raw Data'!C:C)&"%"
A4: Best Recall | B4: =INDEX('Raw Data'!A:A,MATCH(MAX('Raw Data'!D:D),'Raw Data'!D:D,0)) | C4: =MAX('Raw Data'!D:D)&"%"
A5: Best F1-Score | B5: =INDEX('Raw Data'!A:A,MATCH(MAX('Raw Data'!E:E),'Raw Data'!E:E,0)) | C5: =MAX('Raw Data'!E:E)&"%"
A6: Fastest Training | B6: =INDEX('Raw Data'!A:A,MATCH(MIN('Raw Data'!F:F),'Raw Data'!F:F,0)) | C6: =MIN('Raw Data'!F:F)&" sec"
A7: Fastest Prediction | B7: =INDEX('Raw Data'!A:A,MATCH(MIN('Raw Data'!G:G),'Raw Data'!G:G,0)) | C7: =MIN('Raw Data'!G:G)&" sec"
A8: Average Accuracy | B8: All Algorithms | C8: =AVERAGE('Raw Data'!B:B)&"%"

Sheet Chart Data
A1: Algorithm | B1: Accuracy | C1: Precision | D1: Recall | E1: F1-Score
A2: ='Raw Data'!A2 | B2: ='Raw Data'!B2 | C2: ='Raw Data'!C2 | D2: ='Raw Data'!D2 | E2: ='Raw Data'!E2
A3: ='Raw Data'!A3 | B3: ='Raw Data'!B3 | C3: ='Raw Data'!C3 | D3: ='Raw Data'!D3 | E3: ='Raw Data'!E3
A4: ='Raw Data'!A4 | B4: ='Raw Data'!B4 | C4: ='Raw Data'!C4 | D4: ='Raw Data'!D4 | E4: ='Raw Data'!E4
A5: ='Raw Data'!A5 | B5: ='Raw Data'!B5 | C5: ='Raw Data'!C5 | D5: ='Raw Data'!D5 | E5: ='Raw Data'!E5
A6: ='Raw Data'!A6 | B6: ='Raw Data'!B6 | C6: ='Raw Data'!C6 | D6: ='Raw Data'!D6 | E6: ='Raw Data'!E6

Sheet Abstract Helper
A1: Field | B1: Value (Copy this for abstract)
A2: Best Algorithm | B2: =INDEX('Raw Data'!A:A,MATCH(MAX('Raw Data'!B:B),'Raw Data'!B:B,0))
A3: Best Accuracy | B3: =ROUND(MAX('Raw Data'!B:B),2)
A4: Best Precision | B4: =ROUND(MAX('Raw Data'!C:C),2)
A5: Best Recall | B5: =ROUND(MAX('Raw Data'!D:D),2)
A6: Best F1-Score | B6: =ROUND(MAX('Raw Data'!E:E),2)
A7: Fastest Algorithm | B7: =INDEX('Raw Data'!A:A,MATCH(MIN('Raw Data'!F:F),'Raw Data'!F:F,0))
A8: Fastest Training Time | B8: =ROUND(MIN('Raw Data'!F:F),2)
A9: Slowest Training Time | B9: =ROUND(MAX('Raw Data'!F:F),2)
A10: Average Accuracy | B10: =ROUND(AVERAGE('Raw Data'!B:B),2)
A11: Number of Algorithms | B11: =COUNTA('Raw Data'!A2:A100)
